[{"id":"user-image-La_Placita_logo_orange.png","publicUrl":"np://user.desktop.nicepage.com/Site_10219886/images/La_Placita_logo_orange.png","size":342593,"hash":"0CFyWN91VStA40auIl2nHyOevyo=","fileName":"La_Placita_logo_orange.png","name":"La_Placita_logo_orange","width":1084,"height":510,"thumbnail":{"url":"np://user.desktop.nicepage.com/Site_10219886/images/thumbnails/La_Placita_logo_orange.png","width":250,"height":118},"usages":[]},{"id":"user-image-La_Placita_Building_cropped.png","publicUrl":"np://user.desktop.nicepage.com/Site_10219886/images/La_Placita_Building_cropped.png","size":710918,"hash":"f5QSFiJUQYCJcDijztfWrObpqsE=","fileName":"La_Placita_Building_cropped.png","name":"La_Placita_Building_cropped","width":1072,"height":1208,"thumbnail":{"url":"np://user.desktop.nicepage.com/Site_10219886/images/thumbnails/La_Placita_Building_cropped.png","width":222,"height":250},"usages":["846610500"]},{"id":"user-image-JONATHAN_5022P_ppFIN.jpg","publicUrl":"np://user.desktop.nicepage.com/Site_10219886/images/JONATHAN_5022P_ppFIN.jpg","size":100881,"hash":"HPPw/DUPqXD9OFYD6WWikzNEc7A=","fileName":"JONATHAN_5022P_ppFIN.jpg","name":"JONATHAN_5022P_ppFIN","width":800,"height":1000,"thumbnail":{"url":"np://user.desktop.nicepage.com/Site_10219886/images/thumbnails/JONATHAN_5022P_ppFIN.jpg","width":200,"height":250},"usages":["846610500"]},{"id":"user-image-Pan_Art1.png","publicUrl":"np://user.desktop.nicepage.com/Site_10219886/images/Pan_Art1.png","size":516680,"hash":"83yxVB8xh34QdqTV89UkBdqixBE=","fileName":"Pan_Art1.png","name":"Pan_Art1","width":681,"height":577,"thumbnail":{"url":"np://user.desktop.nicepage.com/Site_10219886/images/thumbnails/Pan_Art1.png","width":250,"height":212},"usages":["846610500"]},{"id":"user-image-9329355.png","publicUrl":"np://user.desktop.nicepage.com/Site_10219886/images/9329355.png","size":2436,"hash":"WdjHfJ1552yqX6KulokfhmibD78=","fileName":"9329355.png","name":"9329355","width":128,"height":128,"thumbnail":{"url":"np://user.desktop.nicepage.com/Site_10219886/images/thumbnails/9329355.png","width":128,"height":128,"length":2436,"type":"png"},"usages":["846610500"]}]